{"cameraMode":{"drawMode":0,"name":"Shaded","section":"Shading Mode"},"sceneLighting":false,"audioPlay":false,"sceneViewState":{"showFog":true,"showMaterialUpdate":false,"showSkybox":false,"showFlares":true,"showImageEffects":true,"showParticleSystems":true},"in2DMode":false,"pivot":{"x":-0.0008502006530761719,"y":0.07654000073671341,"z":0.07706475257873535},"rotation":{"x":-0.10518224537372589,"y":-0.4969908595085144,"z":0.06083888188004494,"w":-0.859215259552002},"size":0.8186603784561157,"orthographic":false}