{"cameraMode":{"drawMode":0,"name":"Shaded","section":"Shading Mode"},"sceneLighting":false,"audioPlay":false,"sceneViewState":{"showFog":true,"showMaterialUpdate":false,"showSkybox":false,"showFlares":true,"showImageEffects":true,"showParticleSystems":true},"in2DMode":false,"pivot":{"x":-1.6615710258483887,"y":0.1356414258480072,"z":-0.04372289776802063},"rotation":{"x":-0.10518224537372589,"y":-0.4969908595085144,"z":0.06083888188004494,"w":-0.859215259552002},"size":9.035128593444825,"orthographic":false}