{"cameraMode":{"drawMode":0,"name":"Shaded","section":"Shading Mode"},"sceneLighting":false,"audioPlay":false,"sceneViewState":{"showFog":true,"showMaterialUpdate":false,"showSkybox":false,"showFlares":true,"showImageEffects":true,"showParticleSystems":true},"in2DMode":false,"pivot":{"x":0.0002817511558532715,"y":0.10569492727518082,"z":0.025152623653411866},"rotation":{"x":-0.10518224537372589,"y":-0.4969908595085144,"z":0.06083888188004494,"w":-0.859215259552002},"size":1.3858007192611695,"orthographic":false}